judul,penulis,abstraksi
PENGARUH KEPEMIMPINAN DAN KOMPENSASI TERHADAP KINERJA PEGAWAI DINAS PENDIDIKAN KABUPATEN SAMPANG,Penulis : Hendri Wahyudi Prayitno,"Abstrak
Penelitian ini menggunakan metode kuantitatif, yang menekankan pada pengujian hipotesis. Variabel yang digunakan pada penelitian ini adalah kepemimpinan(X1), kompensasi (X2). Penelitian ini dilaksanakan di Kantor Dinas Pendidikan Kabupaten Sampang dan sampel yang digunakan adalah sebanyak 50 orang yang terdiri dari pegawai negeri sipil dan non PNS. 
Hipotesis pertama menjelaskan bahwa variabel bebas secara bersama–sama mempunyai hubungan yang signifikan secara simultan antara kepemimpinan (X1) dan kompensasi (X2) terhadap kinerja pegawai (Y), hal ini terbukti dengan nilai Fhitung pada tingkat ? = 5% sebesar 11,645 dengan nilai R2 sebesar 0,311. 
Hipotesis kedua menjelaskan bahwa variabel kompensasi sebagai variabel yang mempunyai pengaruh dominan, hal ini terbukti dengan nilai t hitung 3,072 ini berarti bahwa terdapat pengaruh positif dan signifikan secara parsial antara variabel bebas (X2) terhadap variabel terikat (Y). 
Kesimpulan penelitian ini adalah pengujian hipotesis pertama menunjukkan bahwa berdasarkan pengujian statistik secara simultan, variabel  bebas memiliki pengaruh yang signifikan terhadap variabel terikat. Pengujian hipotesis kedua membuktikan bahwa variabel kompensasi (X2) merupakan variabel yang berpengaruh dominan terhadap kinerja pada pegawai Dinas Pendidikan Kabupaten Sampang. 
Kata kunci : Kepemimpinan, Kompensasi, Kinerja"
Pengukuran Website Quality Pada Situs Sistem Akademik Online Menggunakan Analisis Tingkat Kepentingan - Kinerja (Studi Pada Portal Akademik UTM),Penulis : Muhammad Zakaria Utomo,"Aplikasi nyata pemanfaatan teknologi informasi dan komunikasi adalah pada bidang layanan administrasi akademik perguruan tinggi, salah satunya sistem portal akademik Universitas Trunojoyo Madura. Implementasi dalam proses penyelenggaraannya sering menemui banyak kendala, baik teknis maupun non teknis. Penelitian ini bertujuan untuk mengetahui kepuasan pelanggan berdasarkan analisis indeks kepuasan pelanggan ditinjau dari Webqual 4.0 dan untuk mengetahui fokus perbaikan mutu terhadap pelayanan website portal akademik Universitas Trunjoyo Madura berdasarkan Importance Performance Analysis ditinjau dari Webqual 4.0.
	Penelitian ini merupakan penelitian kuantitaif deskriptif, digunakan untuk mengetahui gambaran, deskripsi, atau lukisan secara sistematis, faktual dan akurat mengenai kualitas pelayanan jasa online yang diberikan kepada mahasiswa.Sampelpenelitianiniadalahmahasiswaangkatan 2009/2010, teknik sampel yang digunakan teknik Stratified Random Sampling dengan alat analisis Indeks Kepuasan Pelanggan dan analisis Tingkat Kepentingan – Kinerja. Hasil penelitian didapat skor Indeks Kepuasan Pelanggan (IKP) sebesar 60.42% dan masuk dalam kategori “cukup puas”, sedangkan Diagram  Kartesius Importance Performance menunjukkan bahwa terdapat  tiga atribut yang menjadi prioritas utama perbaikan mutu yakni Situs portal akademik Universitas Trunojoyo Madura memberikan informasi administrasi dan akademik mahasiswa yang jelas,detail dan ter update (KI 4), Informasi administrasi dan akademik disitus portal akademik UTM dapat dipercaya  (KI 3), Melalui portal UTM, pengguna merasa aman bahwa data akademik mahasiswa (KRS, KHS, Transkrip, data personal) sesuai (KIP 4).
Kata kunci : website, importance performance, webqual, indeks kepuasan pelanggan."
ANALISIS PERSEPSI BRAND ASSOCIATION MENURUT PELANGGAN PAKAIAN KIDDROCK (STUDI PADA DISTRO CRANBERRIES PAMEKASAN),Penulis : Faishal,"Tujuan penelitian ini adalah untuk mengetahui persepsi brand association menurut pelanggan pakaian Kiddrock (studi pada distro Cranberries Pamekasan). Penelitian ini menggunakan metode deskriptif, dengan  metode survei.
Populasi penelitian ini adalah pelanggan pakaian Kiddrock di distro Cranberries dan Sampel dalam penelitian ini adalah 70 orang responden di distro Cranberries pada bulan Desember 2012. Metode pengambilan sampel yang digunakan adalah sampling aksidental. Metode pengumpulan data dengan cara penelitian lapangan (field research) dengan membagikan kuesioner dan riset perpustakaan data. Teknik pengolahan data yang digunakan ialah pengolaha data dengan bantuan perangkat lunak SPSS versi 16 (uji validitas dan uji reabilitas) dan menggunakan skala likert.
Persepsi konsumen terhadap brand association terdiri dari beberapa dimensi, yaitu: dimensi jaminan, dimensi identifikasi pribadi, dimensi identifikasi sosial, dimensi status, dimensi kesediaan menerima perluasan merek, dan dimensi kesediaan untuk merekomendasikan merek. Hasil analisis menunjukan bahwa persepsi brand association menurut pelanggan pakaian Kiddrock di distro Cranberriess lebih di apresisasikan pada dimensi jaminan.

Kata kunci : Brand Association, Presepsi, Kiddrock, Cranberries."
analisis faktor-faktor yang berpengaruh terhadap kebijakan deviden pada perusahaan manufaktur yang terdaftar di BEI periode 2008-2011,Penulis : Jailani,"ABSTRAK
Tujuan penelitian ini adalah untuk mengetahui pengaruh variabel current ratio, return on equity, firm size, leverage dan business risk terhadap kebijakan deviden pada perusahaan manufaktur yang terdaftar di Bursa Efek Indonesia pada periode 2008-2011. Pendekatan penelitian yang digunakan dalam penelitian ini adalah kuantitatif. Sampel dalam penelitian ini adalah perusahaan manufaktur yang membagikan deviden secara berturut-turut selama periode 2008-2011. Metode pengambilan sampel yang digunakan adalah purposive sampling. Untuk pengujian instrumen menggunakan uji Asumsi Klasik, sedangkan teknik analisis data yang digunakan untuk menguji hipotesis adalah menggunakan regresi linier berganda dengan memakai uji F dan uji t. Berdasarkan hasil penelitian menunjukkan bahwa nilai R Square sebesar 0,469. Berdasarkan uji F variabel current ratio, return on equity, firm size, leverage dan businees risk secara simultan berpengaruh signifikan terhadap dividend payout ratio. Berdasarkan uji t diketahui bahwa secara parsial variabel current ratio, firm size dan businees risk berpengaruh signifikan terhadap dividend payout ratio sedangkan variabel return on equity dan leverage tidak berpengaruh signifikan terhadap dividend payout ratio.
Kata kunci : current ratio, return on equity, firm size, leverage dan businees risk"
PENGARUH FAKTOR-FAKTOR PELATIHAN DAN PENGEMBANGAN TERHADAP PRODUKTIVITAS KERJA DINAS KELAUTAN DAN PERIKANAN KABUPATEN BANGKALAN,Penulis : SATIYAH,"ABSTRAK
Satiyah, Pengaruh Faktor-faktor Pelatihan dan Pengembangan Terhadap Produktivitas Kerja Dinas Kelautan dan Perikanan Bangkalan. Dibawah bimbingan Dra.Hj.S.Anugrahini Irawati,MM dan  Helmi Buyung Aulia,S,ST.SE,M.MT
Dalam upaya meningkatkan produktivitas kerja tidaklah mudah, oleh karena itu salah satu usaha agar produktivitas meningkat adalah menerapkan program pelatihan dan pengembangan sumber daya manusia (SDM) perlu dilaksanakan dalam instansi agar produktivitas yang tinggi dapat tercapai dengan meningkat kemampuan pegawai agar dapat bekerja secara efektif dan efisien. Dengan adanya pelatihan dan pengembnagan diharapkan pegawai juga mampu menyesuaikan diri dengan kebutuhan-kebutuhan baru atas sikap, tingkah laku keterampilan dan pengetahuan sesuai dengan tuntutan perubahan. Dengan adanya pelatihan dan pengembangan pegawai yang baik dapat mendukung terciptanya suasana kerja yang kondusif dalam instansi, sehingga dengan sendirinya produktivitasi kerja akan meningkat.
Tujuan penelitian ini adalah untuk mengetahui seberapa besar Pengaruh Faktor-faktor Pelatihan dan Pengembangan Terhadap Produktivitas Kerja Dinas Kelautan dan Perikanan Bangkalan. Untuk mengukur dan menganalisa hubungan antara kedua variabel di atas, peneliti menggunakan pendekatan observasional analitik, yaitu melakukan pengamatan secara langsung kepada responden dengan penyebaran kuisioner untuk dianalisis. Penelitian ini merupakan penelitian populasi dengan 30 responden sebagai sampel serta diolah dengan SPSS Versi 13.00 dan dianalisis dengan menggunakan metode statistik, yaitu metode non probality sampling secara simple random sampling.
Kesimpulan penelitian ini adalah (1a). Faktor-faktor pelatihan dan pengembangan yang terdiri dari, perbedaan individu pegawai (X1), hubungan dengan analisis jabatan (X2), motivasi (X3), partisipasi aktif (X4), seleksi peserta (X5), seleksi  instruktur (X6) dan metode pelatihan dan pengembangan (X7) mempunyai pengaruh simultan terhadap produktivitas kerja pegawai Dinas Kelautan dan Perikanan Kabupaten Bangkalan. Terbukti dengan nilai koefisien determinasi berganda (R2) atau R square = 0,751, Fhitung 9,500 lebih besar dari Ftabel 2,37. (1b) Faktor hubungan dengan analisis jabatan tidak berpengaruh secara parsial terhadap produktivitas kerja pegawai Dinas Kelautan dan Perikanan Kabupaten Bangkalan. (2) Pengujian Hipotesis kedua menunjukkan bahwa variabel motivasi (X3) tidak terbukti, karena dilihat dari nilai thitung Sebesar 6,442 menunjukkan bahwa seleksi peserta (X5) yang mempunyai pengaruh (dominan) terhadap produktivitas kerja pegawai pada instansi Dinas Kelautan dan Perikanan Bangkalan. 

Kata kunci : Dinas Kelautan dan Perikanan, Faktor-faktor Pelatihan dan Pengembangan,  Produktivitas Kerja."
"ANALISIS TINGKAT RISIKO KREDIT 
PADA PD. BPR BANK DAERAH LAMONGAN",Penulis : Iwan Kurniawan Gomes,"Hasil dari penelitian ini dari perhitungan Credit Risk Ratio menunjukan bahwa NPL Pada PD. BPR Bank Daerah Lamongan selama empat tahun (2008-2011) mengalami penurunan hal ini terlihat dari tingkat resiko pada tahun 2008 yang sebesar 8.893.499.978 atau sebesar 9,91%, tahun 2009 sebesar 7.501.778.630 atau sebesar 6,68%, tahun 2010 sebesar 7.986.193.006 atau sebesar 5,40% dan tahun 2011 sebesar 6.555.778.682 atau sebesar 4,88%.
Kesimpulan penelitian ini adalah tingkat resiko pada PD. BPR Bank Daerah Lamongan dari tahun (2008-2011) mengalami penurunan tingkat resiko dan pada tahun 2011 NPL 4,88% dikatagorikan baik berdasarkan ketentuan Bank Indonesia yaitu dengan syarat NPL maksimal sebesar 5%.
Kata kunci : Credit Risk Ratio dan Non Performing Loan."
Pengaruh Harga dan Kualitas Pelayanan terhadap Kepuasan Berbelanja pada Swalayan Tom & Jerry Bangkalan,Penulis : ALI RAHBINI,"Ali Rahbini, Pengaruh Harga dan Kualitas Pelayanan Terhadap Kepuasan Berbelanja pada Swalayan Tom & Jerry Bangkalan dibawah bimbingan Pribanus Wantara dan Nirma Kurriwati. .
Penelitian ini bertujuan untuk mengukur pengaruh Harga dan Kualitas Pelayanan Terhadap Kepuasan Berbelanja di Swalayan Tom & Jerry yang dilakukan terhadap konsumen yang berbelanja di swalayan Tom & Jerry dengan jumlah responden penelitian sebanyak 70 responden, data yang terkumpul selanjutnya dilakukan analisis Regresi Linier Berganda. Dengan menggunakan alat bantu software SPSS 16.0. hasil analisis terhadap pengujian hipotesis diperoleh sebagai berikut: bahwa harga dan kualitas pelayanan mempunyai pengaruh secara simultan terhadap kepuasan berbelanja di swalayan Tom & Jerry, dan Secara Parsial variabel harga, kehandalan, daya tanggap, jaminan, empati dan bukti fisik mempunyai pengaruh parsial terhadap kepuasan berbelanja di swalayan Tom & Jerry Bangkalan, serta variabel harga merupakan variabel yang dominan berpengaruh terhadap kepuasan berbelanja di swalayan Tom & Jerry Bangkalan.  

Kata Kunci : Harga, Keandalan, Daya Tanggap, Jaminan, Empati, Bukti Fisik"
ANALISIS CONSUMER DECISION MODEL (CDM) UNTUK MENGUKUR EFEKTIFITAS IKLAN COCA-COLA VERSI PIALA DUNIA 2010 DI TELEVISI (Studi Kasus Pada Mahasiswa Universitas Trunojoyo Madura),Penulis : SYAIFUL ANWAR,"ABSTRAK

Penelitian ini bertujuan untuk mengukur efektivitas iklan menggunakan Consumer Decision Model (CDM) yang dilakukan terhadap mahasiswa Universitas Trunojoyo Madura dengan jumlah responden penelitian sebanyak 98 orang mahasiswa, data yang terkumpul selanjutnya dilakukan analisis jalur (path analysis). Dengan menggunakan alat bantu software SPSS 13.0. hasil analisis terhadap pengujian hipotesis diperoleh sebagai berikut: dari 8 pengaruh langsung terdapat 6 pengaruh langsung yang signifikan dan 2 pengaruh langsung yang tidak signifikan, selanjutnya dari 4 pengaruh tidak langsung terdapat 2 pengaruh tidak langsung yang signifikan dan 2 pengaruh tidak langsung yang tidak signifikan.
Kata kunci : CDM analisis jalur, pesan iklan, pengenalan merek, keyakinan konsumen, sikap konsumen, niat beli, Pembelian Nyata."
PENGARUH TIPE KEPEMIMPINAN TERHADAP PRESTASI KERJA PEGAWAI PADA KANTOR KECAMATAN PANGARENGAN KABUPATEN SAMPANG,Penulis : Dharma Abidin Syah,"ABSTRAK
	Dharma Abidin Syah,Kesimpulan: (1) Terdapat pengaruh signifikan antara variabel tipe kepemimpinan (Autoritarian, Laissez-Faire, dan Demokratis), secara simultan terhadap variabel Prestasi Kerja pegawai di kantor Kecamatan Pangarengan Kabupaten Sampang. Hasil uji F anova menunjukan bahwa nilai Fhitung (6,459) > Ftabel (2,92). Variabel tipe kepemimpinan (Autoritarian, Laissez-Faire, dan Demokratis), secara simultan memberikan kontribusi sebesar 42,7% terhadap Prestasi Kerja pegawai.(2) Tidak terdapat pengaruh signifikan antara variabel kepemimpinan Tipe Autoritariansecara parsial terhadap Prestasi Kerja pegawaidikantor Kecamatan Pangarengan Kabupaten Sampang. Hasil uji t menunjukan bahwa nilai t hitung (0,652) < t tabel (2,045). Secara parsial variabel kepemimpinan Tipe Autoritarian memberikan kontribusi sebesar 1,61% terhadap variabel Prestasi Kerja pegawai. (3) Tidak terdapat pengaruh signifikan antara variabel kepemimpinan Tipe Laissez-Fairesecara parsial terhadap Prestasi Kerja pegawaidikantor Kecamatan Pangarengan Kabupaten Sampang.
	Hasil uji t menunjukan bahwa nilai t hitung (1,617) < t tabel (2,045). Secara parsial variabel kepemimpinan Tipe Laissez-Faire memberikan kontribusi sebesar 9,12% terhadap variabel Prestasi Kerja pegawai. (4) Terdapat pengaruh signifikan antara variabel kepemimpinan Tipe Demokratis secara parsial terhadap Prestasi Kerja pegawaidikantor Kecamatan Pangarengan Kabupaten Sampang. Hasil uji t menunjukan bahwa nilai t hitung (3,624) > t tabel (2,045). Secara parsial variabel kepemimpinan Tipe Demokratis memberikan kontribusi sebesar 33,52% terhadap variabel Prestasi Kerja pegawai. (5) Variabel Tipe Demokratis mempunyai nilai koefisien determinasi lebih besar daripada variabel bebas lainya dan merupakan variabel dominan berpengaruh terhadap variabel Prestasi Kerja pegawai dikantor Kecamatan Pangarengan Kabupaten Sampang
Kata Kunci: Tipe Kepemimpinan, Prestasi Kerja, Pegawai."
"PENGARUH CELEBRITY ENDORSER IWAN FALS TERHADAP MINAT BELI PRODUK TOP COFFEE
( STUDI PADA MASYARAKAT SUMUR KEMBANG KELURAHAN PEJAGAN KECAMATAN BANGKALAN KABUPATEN BANGKALAN )",Penulis : Tayyi Matun,"Tujuan penelitian ini adalah mengetahui pengaruh celebrity endorser Iwan Fals terhadap minat beli produk Top Coffee (studi pada masyarakat Sumur Kembang Kelurahan Pejagan Kecamatan Bangkalan Kabupaten Bangkalan). Penelitian ini menggunakan metode kuantitatif dengan pendekatan survey.
Populasi penelitian ini adalah masyarakat Sumur Kembang Kelurahan Pejagan Kecamatan Bangkalan Kabupaten Bangkalan dan karena menngunakan metode sampling aksidental, maka penelitian ini mendapatkan 60 responden pada bulan desember 2012. Metode pengumpulan data dengan cara penelitian lapang dengan membagikan kuesioner dan riset perpustakaan. Teknik pengolahan data yang digunakan adalah pengolahan data dengan bantuan [erangkat lunak SPSS versi 16.0 for windows dan menggunakan skala likert.
Hasil penelitian menyebutkan bahwa hasil uji F (simultan) menunjukkan bahwa variabel bebas yang terdiri trustworthiness (X1),  expertise (X2), attractiveness (X3), respect (X4) dan similarity (X5) mempengaruhi variabel terikat yaitu minet beli (Y) produk Top Coffee. Kemudian, hasil dari uji t (parsial) membuktikan bahwa variabel bebas yang terdiri trustworthiness (X1), expertise (X2), attractiveness (X3), respect (X4) dan similarity (X5) berpengaruh signifikan terhadap minat beli (Y) produk Top Coffee.  Dapat disimpulkan bahwa dari kelima variabel bebas yang mempunyai pengaruh lebih besar terhadap miant beli (Y) produk Top Coffee adalah variabel trustworthiness (X1)."
"PENGARUH PERSEPSI MANFAAT, PERSEPSI KEMUDAHAN, KEAMANAN DAN KETERSEDIAAN FITUR TERHADAP MINAT ULANG NASABAH BANK DALAM MENGGUNAKAN INTERNET BANKING (Studi pada Program Layanan Internet Banking BRI)",Penulis : Ahmad,"Tujuan penelitian ini adalah untuk mengidentifikasi variabel-variabel yang mempengaruhi minat ulang nasabah BRI untuk menggunakan kembali layanan Internet Banking BRI baik secara parsial maupun simultan. Penelitian ini dilakukan dengan metode kuantitatif dimana populasi dalam penelitian ini adalah semua nasabah BRI di kota Bangkalan yang menggunakan layanan Internet Banking BRI dan diperoleh sampel sebanyak 50 responden yang diambil dengan teknik purposive sampling. Teknik analisis menggunakan regresi linier berganda. Hasil penelitian menunjukkan bahwa, (1) secara simultan terjadi pengaruh yang signifikan antara variabel bebas (persepsi manfaat, persepsi kemudahan, keamanan, dan ketersediaan fitur) terhadap minat ulang menggunakan internet banking, (2) secara parsial, menunjukkan bahwa semua variabel bebas berpengaruh positif dan signifikan terhadap minat ulang menggunakan layanan internet banking, kecuali pada variabel persepsi kemudahan, kecuali pada variabel persepsi kemudahan.
Kata Kunci: Persepsi Manfaat, Persepsi Kemudahan, Keamanan, Ketersediaan Fitur, Minat Ulang Menggunakan Internet Banking."
PENGARUH PENGEMBANGAN KARIR TERHADAP SEMANGAT KERJA KARYAWAN PLN CABANG BANGKALAN,Penulis : Danial Aziz M.YD,"PLN merupakan Badan Usaha Milik Negara yang bergerak dalam bidang penyediaan listrik nasional. PLN mengelola bisnisnya melalui praktek-paktek terbaik dengan mengoptimalisasikan sumbr daya manusia yang dimiliki. Salah satu caranya melalui proses pengembangan karir. Tujuan penelitian ini adalah untuk mengetahui apakah terdapat pengaruh yang signifikan antara pengembangan karir terhadap semangat kerja karyawan PLN Cabang Bangkalan secara parsial dan secara simultan .Penelitian ini bersifat penelitian populasi. Besar populasi pada penelitian ini sebesar 64 responden.Uji kuesioner yang digunakan adalah uji validitas dan uji reliabilitas. Teknik analisis data menggunakan analisis regresi linier berganda, uji t, uji F dan koefisien determinasi.
Hasil penelitian ini menyatakan  variabel pengembangan karir yang terdiri dari prestasi kerja, pengenalan, kesetiaan orgnisasional, mentor dan sponsor serta kesempatan untuk tumbuh memiliki pengaruh yang positif terhadap semangat kerja karyawan. Dari 5 variabel diatas, prestasi kerja merupakan variabel yang memiliki pengaruh paling kuat terhadap semangat kerja karyawan PLN cabang bangkalan 
Kata kunci :Pengembangan karir, semangat kerja,Karyawan PLN"
PENGARUH DIMENSI KUALITAS PELAYANAN TERHADAP KEPUASAN KONSUMEN PADA DEPOT BAROKAH PRAMBON KABUPATEN SIDOARJO,Penulis : Toni Budianto,"ABSTRAK

Tujuan penelitian ini adalah untuk mengidentifikasi variabel-variabel yang mempengaruhi kepuasan konsumen baik secara simultan maupun parsial. Metode yang digunakan yaitu dengan metode kuantitatif dengan populasi seluruh konsumen Depot Barokah Prambon yang menggunakan pelayanan dari Depot Barokah Prambon dengan jumlah sampel sebanyak 60 responden menggunakan teknik Accidental Sampling. Teknik analisis yang digunakan adalah analisis regresi linier berganda. Hasil penelitian menunjukkan bahwa variabel independen yang terdiri dari variabel bukti fisik (X1), kehandalan (X2), dan jaminan (X4) secara parsial berpengaruh signifikan terhadap kepuasan konsumen (Y), sedangkan variabel independen daya tanggap (X3) dan empati (X5) berpengaruh tidak signifikan terhadap variabel dependen kepuasan konsumen (Y), Serta variabel jaminan (X4) mempunyai pengaruh yang paling besar terhadap kepuasan konsumen (Y). Sedangkan secara simultan menunjukkan semua variabel independen kualitas pelayanan (X) secara simultan berpengaruh signifikan terhadap variabel dependen kepuasan konsumen (Y).

Kata Kunci : Kualitas Pelayanan, Bukti Fisik, Kehandalan, Daya Tanggap, Jaminan, Empati, dan Kepuasan Konsumen."
"PENGARUH PERILAKU KONSUMEN TERHADAP KEPUTUSAN PEMBELIAN PRODUK HONDA MEREK VARIO
(Study Pada Dealer Surya Agung Motor Bangkalan)",Penulis : Haryono Arifin,"ABSTRAK
Haryono Arifin, Pengaruh Perilaku Konsumen Terhadap Keputusan Pembelian Produk Honda Merek Vario 
(Studi Pada Dealler Surya Agung Motor Bangkalan).

Tujuan penelitian ini adalah untuk : (1) mengetahui seberapa besar pengaruh perilaku konsumen terhadap keputusan pembelian Honda Merek Vario di Dealer Surya Agung Motor Bangkalan (2) Untuk mengetahui variabel manakah diantara perilaku konsumen yang terdiri dari kebudayaan, sosial, pribadi dan psikologis yang dominan dalam keputusan pembelian konsumen terhadap Honda Merek Vario. Penelitian ini menggunakan pendekatan kuantitatif, yaitu melakukan pengamatan secara langsung kepada responden dengan penyebaran kuesioner untuk dianalisa dan penelitian ini merupakan penelitian yang menggunakan populasi sebanyak 50 responden, konsumen yang melakukan pembelian Honda Merek Vario di Dealer Surya Agung Motor Bangkalan yang dijadikan responden serta dianalisis dengan SPSS Versi 16.00
Kesimpulan penelitian ini adalah (1) Pengujian hipotesis pertama menunjukkan bahwa variabel perilaku konsumen (kebudayaan, sosial, pribadi dan psikologis) berpengaruh secara simultan terhadap keputusan pembelian Honda merek Vario. (2) Pengujian hipotesis kedua menunjukkan bahwa variabel psikologis adalah variabel yang berpengaruh dominan.
Kata kunci: Kebudayaan, Sosial, Pribadi, Psikologis, Keputusan Pembelian."
PENGARUH RETAILING MIX (BAURAN ECERAN) TERHADAP KEPUTUSAN PEMBELIAN KONSUMEN (Studi Pada Indah Swalayan Bangkalan),Penulis : Ali Usman,"Bauran eceran merupakan salah satu langkah pemasaran bagi keberhasilan perusahaan, baik yang bergerak dalam bidang produksi barang maupun jasa.Indah Swalayan Bangkalan merupakan salah satu bisnis eceran yang bergerak dalam jual beli barang yang perlu memperhatikan perilaku konsumen untuk mengambil keputusan. Variabel bauran eceran menggunakan teori Berman dan Evans dalam Foster (2008) yang terdiri dari lokasi, pelayanan, produk, harga, suasana, harga dan promosi.
Tujuan penelitian ini adalah (1) untuk mengetahui pengaruh bauran eceran yang terdiri dari lokasi, pelayanan, produk, harga, suasana, harga dan promosi secara simultan terhadap keputusan pembelian konsumen (studi pada Indah Swalayan Bangkalan), (2) untuk mengetahui variabel bauran eceran yang berpengaruh lebih besar terhadap keputusan pembelian (studi pada Indah Swalayan Bangkalan).
Penelitian ini menggunakan pendekatan pendekatan kuantitatif. Teknik pengambilan sampel menggunakan purposive sampling dengan 80 responden.Teknik pengumpulan data yaitu dengan wawancara, kepustakaan, dan kuesioner dan menggunakan skala likert untuk mengukur jawaban responden.Untuk menguji instrumen menggunakan uji validitas, uji reliabilitas, dan uji asumsi klasik.Sedangkan teknik analisis data yaitu menggunakan analisis regresi linier berganda karena variabel yang digunakan lebih dari dua variabel, dengan uji F dan uji t.
Hasil penelitian ini menunjukkan bahwa variabel bauran eceran yang terdiri dari lokasi, pelayanan, produk, harga, suasana, harga dan promosi berpengaruh secara simultan terhadap keputusan pembelian (studi pada Indah Swalayan Bangkalan).Namun, tidak semua variabel bauran eceran berpengaruh secara parsial terhadap keputusan pembelian pada Indah Swalayan Bangakalan).Variabel harga berpengaruh lebih besar terhadap keputusan pemebelian pada Indah Swalayan Bangkalan).

Kata Kuci : Bauran eceran, lokasi, pelayanan, produk, harga, suasana toko, karyawan, promosi, dan Keputusan pembelian."
PENGARUH KOMPETENSI DOSEN TERHADAP KINERJA DOSEN DI UNIVERSITAS TRUNOJOYO MADURA,Penulis : Aththaariq,"Abstrak

Aththaariq, Pengaruh Kompetensi Dosen Terhadap Kinerja Dosen Di Universitas Trunojoyo Madura. Dibawah bimbingan Dr.RM Moch Wispandono,.S.E,.MS dan Dr. Muhammad Alkirom Wildan,S.E.,M.Si.
Penelitian ini bertujuan untuk menganalisis pengaruh kompetensi pedagogik (X1), kompetensi profesional (X2), kompetensi sosial (X3), dan kompetensi kepribadian (X4), terhadap variabel terikat kinerja dosen di Universitas Trunojoyo Madura.
Data yang digunakan dalam penelitian ini adalah data primer, data tersebut diperoleh dari hasil penyebaran kuesioner,  sedangkan yang menjadi responden dalam penelitian ini adalah dosen di Universitas Trunojoyo Madura yang sudah tersertifikasi aktif mulai dari tahun 2008-2011 berjumlah 78 dosen, teknik pengambilan sampel menggunakan judgmental sampling dengan menggunakan metode analisis regresi linier berganda.
Dari hasil penelitian yang telah dilakukan berdasarkan hasil analisis dapat disimpulkan bahwa kompetensi pedagogik (X1), kompetensi profesional (X2), kompetensi sosial (X3), dan kompetensi kepribadian (X4), berpengaruh secara signifikan terhadap variabel terikat kinerja dosen (Y) baik secara simultan maupun parsial. Pada nilai koefisiensi determinasi berganda (R2) menunjukkan nilai sebesar 0.796 yang artinya 79.6% kinerja dosen dipengaruhi oleh perubahan semua variabel bebas yang telah diteliti dan sisanya 20.4% dipengaruhi oleh variabel yang tidak diteliti. Sedangkan variabel yang memiliki pengaruh dominan adalah variabel kompetensi pedagogik dengan nilai signifikansi sebesar 0.000 dan memiliki nilai beta  sebesar 0.426. 

Kata kunci: Kompetensi pedagogik, kompetensi profesional, kompetensi sosial, kompetensi kepribadian,dan kinerja dosen."
"Analisis Inovasi Dan Keunggulan Bersaing 
Dalam Meningkatkan Kinerja Pemasaran
(Studi Pada Optik Reza Lamongan)",Penulis : Sandy Ardiansyah,"ABSTRAK
	Tujuan penelitian ini adalah mendeskripsikan inovasi, keunggulan bersaing, kinerja pemasaran sebelum dan sesudah diterapkannya inovasi dan keunggulan bersaing pada Optik Reza Lamongan. Penelitian ini menggunakan deskriptif kualitatif dengan pendekatan fenomenologi. Teknik pengumpulan data yang digunakan adalah wawancara, observasi, penggunaan dokumen. Sedangkan teknik analisis data dilakukan dengan cara data reduction, data display, conclusion drawing atau verification.
	Hasil penelitian menunjukkan bahwa dalam perusahaan Optik Reza Lamongan telah melakukan sebuah inovasi, keunggulan bersaing dalam meningkatkan kinerja pemasaran. Setelah Optik Reza Lamongan menerapkan inovasi dan keunggulan bersaing volume omzet penjualan semakin meningkat terbukti pada tahun ke tahun terus mengalami peningkatan. Produk yang ditawarkannya semakin mengalami perbaikan, sehingga pangsa pasarnya semakin meluas ke segala daerah yang ada di Jawa Timur dan Jawa Tengah.
	
Kata kunci : Inovasi, Keunggulan Bersaing, Kinerja Pemasaran"
"PELAPORAN BIAYA KUALITAS UNTUK MEMINIMALKAN TERJADINYA RISIKO PRODUK CACAT DALAM MENINGKATKAN PROFITABILITAS PERUSAHAAN PADA CV. KAPUAS INTI SARANA, SURABAYA",Penulis : M. Boy Singgih Gitayuda,"ABSTRAK

Penelitian ini mengungkapkan beberapa rumusan masalah, diantaranya adalah bagaimanakah pelaporan biaya kualitas dapat meminimalkan terjadinya risiko produk cacat pada CV. Kapuas Inti Sarana?, dan bagaimanakah pengaruh pelaporan biaya kualitas terhadap tingkat profitabilitas pada CV. Kapuas Inti Sarana?. Penelitian ini bertujuan untuk mengetahui adanya pengaruh pelaporan biaya kualitas terhadap terjadinya risiko produk cacat dan tingkat profitabilitas perusahaan. 
Penelitian ini menggunakan metode deskriptif, yang menggambarkan suatu fenomena dengan mendeskripsikan sejumlah variabel yang berasal dari data masa lalu dan yang terjadi pada masa sekarang. 
Hasil dari penelitian ini adalah dengan pelaporan biaya kualitas secara periodik dan terperinci dapat berpengaruh pada peningkatan profitabilitas perusahaan, ini dapat terjadi karena pelaporan biaya kualitas secara terperinci akan mengurangi terjadinya risiko produk cacat. Apabila produk cacat berkurang maka akan berpengaruh pada peningkatan penjualan, yang secara langsung juga akan berpengaruh pada meningkatnya profitabilitas perusahaan secara keseluruhan. 
Kata kunci: Risiko produk cacat, biaya kualitas, profitabilitas"
Pengaruh Retailing Mix terhadap Keputusan Pembelian Konsumen pada Idola Mart Kwanyar,Penulis : Fitriyah,"Tujuan penelitian ini adalah untuk mengetahui pengaruh variabel Retailing Mix yang terdiri dari lokasi, merchandise, harga, atmosfer dalam gerai, pelayanan dan promosi terhadap keputusan pembelian konsumen dan untuk mengetahui variabel retailimg mix yang berpengaruh lebih besar terhadap keputusan pembelian konsumen pada Idola Mart Kwanyar.
Pendekatan penelitian yang digunakan dalam penelitian ini adalah kuantitatif, yaitu penelitian yang berlandaskan pada filsafat positivisme yang bertujuan untuk menguji hipotesis yang telah ditetapkan. Sampel dalam penelitian ini adalah konsumen yang melakukan pembelian pada Idola Mart Kwanyar yang berjumlah 70 konsumen. Metode pengambilan sampel yang digunakan adalah purposive sampling. Untuk pengujian instrumen menggunakan uji Validitas, Reliabilitas dan uji Asumsi Klasik, sedangkan teknik analisis data yang digunakan untuk menguji hipotesis adalah menggunakan regresi linier berganda dengan memakai uji F dan uji t.
Berdasarkan hasil penelitian menunjukkan bahwa nilai adjusted R Square sebesar 0,557 yang berarti besarnya pengaruh variabel bebas terhadap variabel terikat adalah 55,7%, sedangkan sisanya 44,3% dipengaruhi oleh variabel lain yang tidak diteliti dalam penelitian ini. Berdasarkan uji F variabel Retailing Mix yang terdiri dari lokasi, merchandise, harga, atmosfer dalam gerai, pelayanan dan promosi secara simultan berpengaruh signifikan terhadap keputusan pembelian Idola Mart Kwanyar. Berdasarkan uji t diketahui bahwa secara parsial variabel lokasi, merchandise, harga dan pelayanan berpengaruh signifikan terhadap variabel terikat sedangkan variabel atmosfer dalam gerai dan promosi tidak berpengaruh terhadap variabel terikat. Variabel yang berpengaruh lebih besar adalah variabel harga.

Kata kunci : Retailing Mix lokasi, merchandise, harga, atmosfer dalam gerai, pelayanan, promosi dan Keputusan Pembelian"
